_id,_time,value,x,y
1,Tue Sep 02 16:48:24 KST 2014,26,-118.70816789667903,44.03016051660516
4,Tue Sep 02 16:48:24 KST 2014,1885,125.119,8.799
11,Tue Sep 02 16:48:24 KST 2014,2055,24.395,42.24
15,Tue Sep 02 16:48:24 KST 2014,2832,9.815531365313639,51.36030073800741
23,Tue Sep 02 16:48:24 KST 2014,436,128.40087269372694,36.77485470479704
26,Tue Sep 02 16:48:24 KST 2014,2370,70.398,33.727
27,Tue Sep 02 16:48:24 KST 2014,304,0.057,42.806
28,Tue Sep 02 16:48:24 KST 2014,2898,117.831,5.329
34,Tue Sep 02 16:48:24 KST 2014,2066,77.617,25.421
35,Tue Sep 02 16:48:24 KST 2014,2944,-7.925,38.778
41,Tue Sep 02 16:48:24 KST 2014,1598,-4.162269372693713,51.5040147601476
42,Tue Sep 02 16:48:24 KST 2014,987,33.435,50.078
43,Tue Sep 02 16:48:24 KST 2014,368,96.519,4.074
47,Tue Sep 02 16:48:24 KST 2014,110,63.543,32.7
48,Tue Sep 02 16:48:24 KST 2014,1271,100.097,6.135
50,Tue Sep 02 16:48:24 KST 2014,860,14.747,48.088
52,Tue Sep 02 16:48:24 KST 2014,2939,-66.712,-41.406
58,Tue Sep 02 16:48:24 KST 2014,2211,-80.59729889298902,38.07209225092247
59,Tue Sep 02 16:48:24 KST 2014,1583,-2.571479704797054,52.26564944649451
60,Tue Sep 02 16:48:24 KST 2014,276,113.913,28.445
61,Tue Sep 02 16:48:24 KST 2014,693,-120.90416789667904,43.80216051660516
63,Tue Sep 02 16:48:24 KST 2014,204,106.957,17.275
68,Tue Sep 02 16:48:24 KST 2014,759,24.417,53.448
73,Tue Sep 02 16:48:24 KST 2014,498,-117.44679335793366,36.78307380073798
86,Tue Sep 02 16:48:24 KST 2014,681,26.379,-25.357
87,Tue Sep 02 16:48:24 KST 2014,2892,-66.696,-17.418
90,Tue Sep 02 16:48:24 KST 2014,755,101.945,7.941
94,Tue Sep 02 16:48:24 KST 2014,1749,9.798,45.947
101,Tue Sep 02 16:48:24 KST 2014,761,0.59,34.804
104,Tue Sep 02 16:48:24 KST 2014,53,161.326,-8.638
111,Tue Sep 02 16:48:24 KST 2014,2454,21.408,62.54
115,Tue Sep 02 16:48:24 KST 2014,1142,-93.12018450184515,30.936743542435373
117,Tue Sep 02 16:48:24 KST 2014,572,72.737,27.185
120,Tue Sep 02 16:48:24 KST 2014,1304,-95.71418450184514,37.06074354243537
121,Tue Sep 02 16:48:24 KST 2014,1533,60.138,45.28
122,Tue Sep 02 16:48:24 KST 2014,2740,27.243,45.233
123,Tue Sep 02 16:48:24 KST 2014,1319,-96.37318450184515,30.596743542435377
131,Tue Sep 02 16:48:24 KST 2014,1528,115.851,0.883
132,Tue Sep 02 16:48:24 KST 2014,626,-86.61290774907754,42.14328228782292
133,Tue Sep 02 16:48:24 KST 2014,2011,-5.576079335793371,39.72619003690045
137,Tue Sep 02 16:48:24 KST 2014,1337,-106.35979335793365,41.852073800737976
138,Tue Sep 02 16:48:24 KST 2014,220,33.635,48.475
148,Tue Sep 02 16:48:24 KST 2014,353,-86.49679335793365,43.544073800737976
149,Tue Sep 02 16:48:24 KST 2014,1306,48.28,39.568
150,Tue Sep 02 16:48:24 KST 2014,1352,39.68,5.163
152,Tue Sep 02 16:48:24 KST 2014,2576,0.002,31.547
158,Tue Sep 02 16:48:24 KST 2014,1145,-122.48016789667903,42.859160516605165
166,Tue Sep 02 16:48:24 KST 2014,1503,74.382,41.954
171,Tue Sep 02 16:48:24 KST 2014,502,4.202647601476009,47.17129151291511
172,Tue Sep 02 16:48:24 KST 2014,664,50.611,15.322
175,Tue Sep 02 16:48:24 KST 2014,198,-1.448,47.387
182,Tue Sep 02 16:48:24 KST 2014,1847,-99.34679335793365,47.39707380073798
183,Tue Sep 02 16:48:24 KST 2014,2403,138.9552107933579,37.17713837638376
185,Tue Sep 02 16:48:24 KST 2014,1853,121.216,34.823
189,Tue Sep 02 16:48:24 KST 2014,2057,12.014,60.536
197,Tue Sep 02 16:48:24 KST 2014,691,-81.92318450184514,29.40374354243537
199,Tue Sep 02 16:48:24 KST 2014,1088,-114.86716789667904,37.996160516605165
207,Tue Sep 02 16:48:24 KST 2014,1355,162.787,-9.04
210,Tue Sep 02 16:48:24 KST 2014,2158,-2.114160516605148,53.64719003690045
211,Tue Sep 02 16:48:24 KST 2014,1934,-3.67,51.309
212,Tue Sep 02 16:48:24 KST 2014,653,16.59093173431731,49.35122509225094
213,Tue Sep 02 16:48:24 KST 2014,2763,106.826,18.282
215,Tue Sep 02 16:48:24 KST 2014,823,117.547,33.433
218,Tue Sep 02 16:48:24 KST 2014,902,-55.53,-14.509
223,Tue Sep 02 16:48:24 KST 2014,2480,138.6813939114391,36.136510147601456
224,Tue Sep 02 16:48:24 KST 2014,650,56.053,34.285
229,Tue Sep 02 16:48:24 KST 2014,1155,42.556,34.383
235,Tue Sep 02 16:48:24 KST 2014,1240,-0.59,50.135
239,Tue Sep 02 16:48:24 KST 2014,1812,34.136,0.313
243,Tue Sep 02 16:48:24 KST 2014,882,71.617,38.744
249,Tue Sep 02 16:48:24 KST 2014,2221,13.942011070110691,41.89011623616237
251,Tue Sep 02 16:48:24 KST 2014,2256,12.251,43.808
264,Tue Sep 02 16:48:24 KST 2014,479,22.138,60.725
266,Tue Sep 02 16:48:24 KST 2014,754,65.347,39.356
268,Tue Sep 02 16:48:24 KST 2014,682,10.684,48.527
272,Tue Sep 02 16:48:24 KST 2014,2745,127.78410562730627,37.38590544280443
279,Tue Sep 02 16:48:24 KST 2014,2401,127.11939990774907,36.58961808118082
280,Tue Sep 02 16:48:24 KST 2014,172,-76.77153874538755,37.15561254612541
288,Tue Sep 02 16:48:24 KST 2014,1924,33.848,13.745
302,Tue Sep 02 16:48:24 KST 2014,1756,-79.60012361623626,48.026673431734295
308,Tue Sep 02 16:48:24 KST 2014,1827,116.887,32.019
314,Tue Sep 02 16:48:24 KST 2014,798,39.748,6.419
319,Tue Sep 02 16:48:24 KST 2014,1034,47.968,17.688
320,Tue Sep 02 16:48:24 KST 2014,2900,39.29,48.143
321,Tue Sep 02 16:48:24 KST 2014,229,24.086,-27.921
322,Tue Sep 02 16:48:24 KST 2014,735,49.475,15.849
324,Tue Sep 02 16:48:24 KST 2014,1342,29.255,26.777
326,Tue Sep 02 16:48:24 KST 2014,2568,46.067,36.342
333,Tue Sep 02 16:48:24 KST 2014,2790,109.998,44.367
338,Tue Sep 02 16:48:24 KST 2014,1801,58.653,37.096
339,Tue Sep 02 16:48:24 KST 2014,221,110.29,46.336
343,Tue Sep 02 16:48:24 KST 2014,2718,124.415,7.896
344,Tue Sep 02 16:48:24 KST 2014,1828,173.261,-39.525
346,Tue Sep 02 16:48:24 KST 2014,64,20.186,32.184
348,Tue Sep 02 16:48:24 KST 2014,1541,-78.3846623616237,36.86411070110696
349,Tue Sep 02 16:48:24 KST 2014,2063,14.66086531365315,41.693981549815504
353,Tue Sep 02 16:48:24 KST 2014,686,-54.443,-14.962
354,Tue Sep 02 16:48:24 KST 2014,2440,32.603,69.283
358,Tue Sep 02 16:48:24 KST 2014,584,31.17,23.305
359,Tue Sep 02 16:48:24 KST 2014,1588,3.420003690036907,47.64041512915127
366,Tue Sep 02 16:48:24 KST 2014,536,-5.114,35.816
372,Tue Sep 02 16:48:24 KST 2014,2726,17.469,45.302
384,Tue Sep 02 16:48:24 KST 2014,895,125.326,6.9
388,Tue Sep 02 16:48:24 KST 2014,164,-108.92579335793366,33.14007380073798
396,Tue Sep 02 16:48:24 KST 2014,671,-91.20290774907754,35.77528228782292
398,Tue Sep 02 16:48:24 KST 2014,2287,-2.493284132841312,39.114365313653195
399,Tue Sep 02 16:48:24 KST 2014,1038,-90.29290774907754,42.85328228782292
401,Tue Sep 02 16:48:24 KST 2014,563,-112.36079335793366,38.61507380073798
410,Tue Sep 02 16:48:24 KST 2014,190,-68.272,-31.381
411,Tue Sep 02 16:48:24 KST 2014,537,-57.285,-35.75
412,Tue Sep 02 16:48:24 KST 2014,2194,82.54834317343182,19.85652767527676
420,Tue Sep 02 16:48:24 KST 2014,812,32.636,12.6
424,Tue Sep 02 16:48:24 KST 2014,1949,9.588848708487028,44.900603321033216
425,Tue Sep 02 16:48:24 KST 2014,2458,61.731,36.473
430,Tue Sep 02 16:48:24 KST 2014,1092,-62.808,-36.328
431,Tue Sep 02 16:48:24 KST 2014,362,96.497,3.903
435,Tue Sep 02 16:48:24 KST 2014,2876,78.675,10.003
441,Tue Sep 02 16:48:24 KST 2014,887,23.426,22.228
445,Tue Sep 02 16:48:24 KST 2014,371,116.897,24.494
451,Tue Sep 02 16:48:24 KST 2014,436,-55.298,-18.563
457,Tue Sep 02 16:48:24 KST 2014,630,-68.692,4.512
461,Tue Sep 02 16:48:24 KST 2014,1722,22.825,44.589
466,Tue Sep 02 16:48:24 KST 2014,2115,92.53,20.404
470,Tue Sep 02 16:48:24 KST 2014,670,-102.81879335793366,40.99307380073798
473,Tue Sep 02 16:48:24 KST 2014,852,-110.84079335793365,37.30107380073798
479,Tue Sep 02 16:48:24 KST 2014,949,103.309,0.031
482,Tue Sep 02 16:48:24 KST 2014,2013,14.703,62.882
484,Tue Sep 02 16:48:24 KST 2014,2818,129.482,41.126
486,Tue Sep 02 16:48:24 KST 2014,1104,121.813,33.344
487,Tue Sep 02 16:48:24 KST 2014,964,15.726583025830223,40.41292619926202
490,Tue Sep 02 16:48:24 KST 2014,1859,22.88,-28.676
491,Tue Sep 02 16:48:24 KST 2014,2854,15.701,43.468
492,Tue Sep 02 16:48:24 KST 2014,1869,14.97296863468631,41.461143911439166
504,Tue Sep 02 16:48:24 KST 2014,2237,55.224,53.839
521,Tue Sep 02 16:48:24 KST 2014,1094,14.356,53.247
523,Tue Sep 02 16:48:24 KST 2014,372,169.197,-45.396
529,Tue Sep 02 16:48:24 KST 2014,43,-1.932119926199263,53.871254612546124
530,Tue Sep 02 16:48:24 KST 2014,898,47.539,14.893
532,Tue Sep 02 16:48:24 KST 2014,433,27.815,40.366
542,Tue Sep 02 16:48:24 KST 2014,1109,-92.06590774907754,36.581282287822916
544,Tue Sep 02 16:48:24 KST 2014,1690,45.803,15.017
545,Tue Sep 02 16:48:24 KST 2014,1670,-1.16,35.678
548,Tue Sep 02 16:48:24 KST 2014,1827,76.528,19.768
553,Tue Sep 02 16:48:24 KST 2014,1674,41.719,33.166
557,Tue Sep 02 16:48:24 KST 2014,151,-6.00361254612541,38.28217527675287
563,Tue Sep 02 16:48:24 KST 2014,1018,109.195,26.518
565,Tue Sep 02 16:48:24 KST 2014,612,35.031,19.455
571,Tue Sep 02 16:48:24 KST 2014,2363,114.482,30.26
577,Tue Sep 02 16:48:24 KST 2014,2357,66.566,36.106
584,Tue Sep 02 16:48:24 KST 2014,1577,28.724,-29.674
585,Tue Sep 02 16:48:24 KST 2014,1854,-119.14879335793366,47.297073800737984
588,Tue Sep 02 16:48:24 KST 2014,1973,67.881,32.015
596,Tue Sep 02 16:48:24 KST 2014,2157,54.066,18.643
601,Tue Sep 02 16:48:24 KST 2014,2582,-45.548,-20.856
606,Tue Sep 02 16:48:24 KST 2014,1719,5.999,49.12
607,Tue Sep 02 16:48:24 KST 2014,2195,140.29729797047972,42.2213164206642
617,Tue Sep 02 16:48:24 KST 2014,2878,99.814,10.145
620,Tue Sep 02 16:48:24 KST 2014,1720,-63.279,4.081
622,Tue Sep 02 16:48:24 KST 2014,358,151.557,-10.541
624,Tue Sep 02 16:48:24 KST 2014,231,116.642,1.604
629,Tue Sep 02 16:48:24 KST 2014,2793,140.72042527675274,39.20504750922509
635,Tue Sep 02 16:48:24 KST 2014,1916,117.593,26.376
643,Tue Sep 02 16:48:24 KST 2014,1540,-88.66379335793366,45.834073800737976
647,Tue Sep 02 16:48:24 KST 2014,2850,57.836,46.721
649,Tue Sep 02 16:48:24 KST 2014,1934,-15.665,16.476
659,Tue Sep 02 16:48:24 KST 2014,2755,2.5800147601476,47.95377859778596
663,Tue Sep 02 16:48:24 KST 2014,1231,-11.952,25.956
664,Tue Sep 02 16:48:24 KST 2014,1982,-77.75554981549823,36.61162361623611
666,Tue Sep 02 16:48:24 KST 2014,1603,53.646,52.078
672,Tue Sep 02 16:48:24 KST 2014,613,-84.58690774907754,31.83528228782292
675,Tue Sep 02 16:48:24 KST 2014,2443,-12.148,13.04
679,Tue Sep 02 16:48:24 KST 2014,2054,-118.00016789667903,39.29516051660516
682,Tue Sep 02 16:48:24 KST 2014,197,39.382,34.814
685,Tue Sep 02 16:48:24 KST 2014,866,112.239,47.542
687,Tue Sep 02 16:48:24 KST 2014,1496,23.54,48.308
697,Tue Sep 02 16:48:24 KST 2014,923,11.331894833948336,51.445049815498194
698,Tue Sep 02 16:48:24 KST 2014,1369,-3.845546125461231,38.83101291512921
706,Tue Sep 02 16:48:24 KST 2014,723,22.246,28.085
707,Tue Sep 02 16:48:24 KST 2014,1052,41.432,46.444
710,Tue Sep 02 16:48:24 KST 2014,1337,51.081,36.803
713,Tue Sep 02 16:48:24 KST 2014,1030,125.875,46.747
717,Tue Sep 02 16:48:24 KST 2014,436,17.457,28.995
728,Tue Sep 02 16:48:24 KST 2014,1722,-90.51490774907754,43.50528228782292
730,Tue Sep 02 16:48:24 KST 2014,573,12.097470479704747,44.93185055350554
731,Tue Sep 02 16:48:24 KST 2014,368,139.77447647601477,37.290160055350555
732,Tue Sep 02 16:48:24 KST 2014,524,16.1523357933579,39.01617712177125
735,Tue Sep 02 16:48:24 KST 2014,1349,18.949,52.166
740,Tue Sep 02 16:48:24 KST 2014,2925,71.165,33.147
741,Tue Sep 02 16:48:24 KST 2014,1486,109.302,33.777
742,Tue Sep 02 16:48:24 KST 2014,1364,-67.938,-53.943
743,Tue Sep 02 16:48:24 KST 2014,664,-1.107618081180824,53.87851291512914
746,Tue Sep 02 16:48:24 KST 2014,1873,35.045,-3.105
750,Tue Sep 02 16:48:24 KST 2014,1515,55.483,51.495
755,Tue Sep 02 16:48:24 KST 2014,2933,106.746,17.666
758,Tue Sep 02 16:48:24 KST 2014,2289,119.772,48.045
759,Tue Sep 02 16:48:24 KST 2014,1652,-97.48479335793365,44.383073800737975
763,Tue Sep 02 16:48:24 KST 2014,1759,47.274,29.886
765,Tue Sep 02 16:48:24 KST 2014,61,-93.29479335793366,40.852073800737976
766,Tue Sep 02 16:48:24 KST 2014,1860,142.851,-38.046
769,Tue Sep 02 16:48:24 KST 2014,552,-43.269,-9.066
772,Tue Sep 02 16:48:24 KST 2014,1977,-55.921,-21.201
774,Tue Sep 02 16:48:24 KST 2014,796,38.791,3.877
775,Tue Sep 02 16:48:24 KST 2014,1693,94.456,18.116
779,Tue Sep 02 16:48:24 KST 2014,294,60.792,26.397
783,Tue Sep 02 16:48:24 KST 2014,533,55.879,18.441
788,Tue Sep 02 16:48:24 KST 2014,288,105.585,-3.569
790,Tue Sep 02 16:48:24 KST 2014,1534,149.329,-36.382
795,Tue Sep 02 16:48:24 KST 2014,802,139.08900461254612,36.46088468634683
802,Tue Sep 02 16:48:24 KST 2014,1900,141.946,-35.928
809,Tue Sep 02 16:48:24 KST 2014,1946,3.295,30.97
816,Tue Sep 02 16:48:24 KST 2014,1928,34.829,6.66
818,Tue Sep 02 16:48:24 KST 2014,2038,99.006,21.852
819,Tue Sep 02 16:48:24 KST 2014,2078,103.285,-1.591
820,Tue Sep 02 16:48:24 KST 2014,1130,36.367,5.557
824,Tue Sep 02 16:48:24 KST 2014,2380,28.998,20.582
825,Tue Sep 02 16:48:24 KST 2014,2781,-68.165,-20.26
829,Tue Sep 02 16:48:24 KST 2014,1270,105.996,23.654
836,Tue Sep 02 16:48:24 KST 2014,849,-94.20318450184514,36.14474354243537
852,Tue Sep 02 16:48:24 KST 2014,1414,141.474,40.334
857,Tue Sep 02 16:48:24 KST 2014,1507,2.221261992619913,46.29410516605167
862,Tue Sep 02 16:48:24 KST 2014,2723,3.511880073800737,47.23597785977861
870,Tue Sep 02 16:48:24 KST 2014,1888,-9.023,22.38
871,Tue Sep 02 16:48:24 KST 2014,2773,-10.052,31.058
875,Tue Sep 02 16:48:24 KST 2014,1235,67.724,34.725
879,Tue Sep 02 16:48:24 KST 2014,2364,-110.15279335793366,47.30807380073798
880,Tue Sep 02 16:48:24 KST 2014,1862,-11.557,19.989
882,Tue Sep 02 16:48:24 KST 2014,2330,16.064,65.233
883,Tue Sep 02 16:48:24 KST 2014,1831,43.077,33.536
892,Tue Sep 02 16:48:24 KST 2014,1384,39.347,36.498
893,Tue Sep 02 16:48:24 KST 2014,1608,55.99,34.405
898,Tue Sep 02 16:48:24 KST 2014,870,-123.2046420664208,39.62897601476011
899,Tue Sep 02 16:48:24 KST 2014,2929,-106.77679335793366,45.01507380073797
900,Tue Sep 02 16:48:24 KST 2014,2565,-67.515,-8.525
901,Tue Sep 02 16:48:24 KST 2014,2615,128.21241466789667,37.922876383763835
903,Tue Sep 02 16:48:24 KST 2014,645,38.876,51.3
904,Tue Sep 02 16:48:24 KST 2014,2318,173.203,-40.093
905,Tue Sep 02 16:48:24 KST 2014,783,110.132,32.953
906,Tue Sep 02 16:48:24 KST 2014,2136,68.747,42.08
907,Tue Sep 02 16:48:24 KST 2014,2849,44.219,33.396
911,Tue Sep 02 16:48:24 KST 2014,72,5.373,45.244
912,Tue Sep 02 16:48:24 KST 2014,1596,129.405,46.58
927,Tue Sep 02 16:48:24 KST 2014,342,-108.19679335793366,32.14607380073798
928,Tue Sep 02 16:48:24 KST 2014,1178,125.651,6.839
929,Tue Sep 02 16:48:24 KST 2014,701,-64.4,-40.585
930,Tue Sep 02 16:48:24 KST 2014,143,39.837,36.446
933,Tue Sep 02 16:48:24 KST 2014,1065,25.796,29.414
936,Tue Sep 02 16:48:24 KST 2014,1304,121.224,49.952
941,Tue Sep 02 16:48:24 KST 2014,2810,13.184,50.682
944,Tue Sep 02 16:48:24 KST 2014,2798,-1.500134686346856,51.24110885608857
953,Tue Sep 02 16:48:24 KST 2014,2944,112.018,36.101
958,Tue Sep 02 16:48:24 KST 2014,793,138.2444400369004,35.395203874538744
959,Tue Sep 02 16:48:24 KST 2014,1681,17.705,28.006
960,Tue Sep 02 16:48:24 KST 2014,86,-121.91279335793367,40.22007380073798
961,Tue Sep 02 16:48:24 KST 2014,1104,6.838,35.311
962,Tue Sep 02 16:48:24 KST 2014,262,19.305,42.301
964,Tue Sep 02 16:48:24 KST 2014,1619,-112.75679335793366,40.59807380073798
965,Tue Sep 02 16:48:24 KST 2014,634,-111.40079335793365,42.072073800737975
967,Tue Sep 02 16:48:24 KST 2014,2082,-67.953,-9.156
970,Tue Sep 02 16:48:24 KST 2014,1032,34.254,5.357
973,Tue Sep 02 16:48:24 KST 2014,193,44.806,37.722
978,Tue Sep 02 16:48:24 KST 2014,458,-100.11079335793366,39.67407380073798
983,Tue Sep 02 16:48:24 KST 2014,2070,118.636,34.671
993,Tue Sep 02 16:48:24 KST 2014,2318,-81.83818450184515,36.77974354243538
998,Tue Sep 02 16:48:24 KST 2014,1170,-4.70816974169734,40.067994464944704
999,Tue Sep 02 16:48:24 KST 2014,310,142.417,-35.029
1003,Tue Sep 02 16:48:24 KST 2014,758,36.247,47.452
1012,Tue Sep 02 16:48:24 KST 2014,2480,55.886,22.349
1016,Tue Sep 02 16:48:24 KST 2014,2782,-89.37318450184515,36.73974354243537
1019,Tue Sep 02 16:48:24 KST 2014,1665,-78.21357933579343,35.54049630996306
1021,Tue Sep 02 16:48:24 KST 2014,436,23.353,52.85
1032,Tue Sep 02 16:48:24 KST 2014,2632,121.481,-1.254
1041,Tue Sep 02 16:48:24 KST 2014,1568,26.537,41.141
1043,Tue Sep 02 16:48:24 KST 2014,2108,-83.19918450184514,34.48874354243538
1045,Tue Sep 02 16:48:24 KST 2014,1561,20.772,29.211
1054,Tue Sep 02 16:48:24 KST 2014,2042,74.238,42.555
1055,Tue Sep 02 16:48:24 KST 2014,1103,-0.657872693726937,52.73825830258302
1056,Tue Sep 02 16:48:24 KST 2014,2189,127.27702536900368,35.52121079335794
1062,Tue Sep 02 16:48:24 KST 2014,1080,31.16,-25.542
1067,Tue Sep 02 16:48:24 KST 2014,1035,-65.841,-24.045
1068,Tue Sep 02 16:48:24 KST 2014,2997,34.072,51.532
1073,Tue Sep 02 16:48:24 KST 2014,835,93.96,25.034
1079,Tue Sep 02 16:48:24 KST 2014,1935,139.91257564575645,35.905452029520276
1092,Tue Sep 02 16:48:24 KST 2014,1254,23.504,54.358
1100,Tue Sep 02 16:48:24 KST 2014,1777,-81.84790774907754,32.60128228782292
1107,Tue Sep 02 16:48:24 KST 2014,2758,-5.773345018450198,39.48345018450187
1108,Tue Sep 02 16:48:24 KST 2014,2226,-4.179595940959417,38.94997970479711
1109,Tue Sep 02 16:48:24 KST 2014,2824,-99.77579335793365,45.96707380073797
1110,Tue Sep 02 16:48:24 KST 2014,761,113.535,40.874
1117,Tue Sep 02 16:48:24 KST 2014,2435,-88.41290774907753,42.74328228782292
1122,Tue Sep 02 16:48:24 KST 2014,1468,-117.95779335793365,44.322073800737975
1123,Tue Sep 02 16:48:24 KST 2014,2723,114.852,46.401
1125,Tue Sep 02 16:48:24 KST 2014,659,-79.50152767527683,35.168252767527626
1127,Tue Sep 02 16:48:24 KST 2014,2124,159.359,-9.856
1135,Tue Sep 02 16:48:24 KST 2014,225,-86.43790774907754,31.50328228782292
1143,Tue Sep 02 16:48:24 KST 2014,2471,11.176503690036839,46.33936900369009
1146,Tue Sep 02 16:48:24 KST 2014,1578,85.081,25.509
1147,Tue Sep 02 16:48:24 KST 2014,193,18.134,45.436
1161,Tue Sep 02 16:48:24 KST 2014,603,111.991,24.408
1163,Tue Sep 02 16:48:24 KST 2014,2694,-86.28579335793366,44.42007380073798
1166,Tue Sep 02 16:48:24 KST 2014,4,137.23552721402214,35.91261485239853
1170,Tue Sep 02 16:48:24 KST 2014,1867,110.908,40.892
1174,Tue Sep 02 16:48:24 KST 2014,2187,35.815,53.867
1177,Tue Sep 02 16:48:24 KST 2014,2908,77.019,12.732
1180,Tue Sep 02 16:48:24 KST 2014,2965,139.39056365313652,35.437025369003685
1181,Tue Sep 02 16:48:24 KST 2014,2375,-12.707,13.638
1182,Tue Sep 02 16:48:24 KST 2014,2871,-94.80018450184514,37.99174354243538
1183,Tue Sep 02 16:48:24 KST 2014,2285,-90.85190774907754,41.62328228782292
1185,Tue Sep 02 16:48:24 KST 2014,1066,21.24,23.359
1188,Tue Sep 02 16:48:24 KST 2014,212,122.88,1.924
1194,Tue Sep 02 16:48:24 KST 2014,1146,15.919437269372665,47.42585424354244
1196,Tue Sep 02 16:48:24 KST 2014,128,-2.006,5.248
1197,Tue Sep 02 16:48:24 KST 2014,396,119.804,29.471
1199,Tue Sep 02 16:48:24 KST 2014,2291,26.019,46.998
1214,Tue Sep 02 16:48:24 KST 2014,189,-56.622,-19.558
1220,Tue Sep 02 16:48:24 KST 2014,1468,-43.816,-20.507
1223,Tue Sep 02 16:48:24 KST 2014,1804,-89.51390774907753,46.77628228782292
1230,Tue Sep 02 16:48:24 KST 2014,1947,98.241,22.489
1237,Tue Sep 02 16:48:24 KST 2014,1968,49.61336346863468,16.30982841328416
1239,Tue Sep 02 16:48:24 KST 2014,1736,141.257,-35.313
1240,Tue Sep 02 16:48:24 KST 2014,661,54.121,48.117
1254,Tue Sep 02 16:48:24 KST 2014,2778,20.252,64.826
1255,Tue Sep 02 16:48:24 KST 2014,1398,27.829535055350533,55.73619557195575
1263,Tue Sep 02 16:48:24 KST 2014,1019,-39.907,-19.53
1272,Tue Sep 02 16:48:24 KST 2014,1410,29.443,66.28
1276,Tue Sep 02 16:48:24 KST 2014,880,1.31,43.509
1286,Tue Sep 02 16:48:24 KST 2014,936,109.75,31.108
1289,Tue Sep 02 16:48:24 KST 2014,1597,7.241,47.08
1293,Tue Sep 02 16:48:24 KST 2014,1414,-2.918,39.464
1299,Tue Sep 02 16:48:24 KST 2014,802,60.621,50.069
1301,Tue Sep 02 16:48:24 KST 2014,1818,-9.482,11.472
1304,Tue Sep 02 16:48:24 KST 2014,2251,136.77522186346863,35.17782195571955
1308,Tue Sep 02 16:48:24 KST 2014,641,10.552,53.799
1312,Tue Sep 02 16:48:24 KST 2014,1001,-2.916,32.764
1313,Tue Sep 02 16:48:24 KST 2014,1361,-118.18279335793366,37.25607380073798
1320,Tue Sep 02 16:48:24 KST 2014,1844,149.977,-34.613
1322,Tue Sep 02 16:48:24 KST 2014,2609,122.724,27.312
1327,Tue Sep 02 16:48:24 KST 2014,2539,-111.80279335793367,36.090073800737976
1330,Tue Sep 02 16:48:24 KST 2014,661,120.176,49.173
1333,Tue Sep 02 16:48:24 KST 2014,541,46.013,28.219
1346,Tue Sep 02 16:48:24 KST 2014,2779,-76.73779335793365,42.974073800737976
1350,Tue Sep 02 16:48:24 KST 2014,666,-81.58190774907753,35.10428228782292
1352,Tue Sep 02 16:48:24 KST 2014,359,37.677,66.593
1361,Tue Sep 02 16:48:24 KST 2014,1805,-43.588,-17.735
1363,Tue Sep 02 16:48:24 KST 2014,2392,-62.743,3.512
1367,Tue Sep 02 16:48:24 KST 2014,883,141.457,-34.878
1370,Tue Sep 02 16:48:24 KST 2014,2209,31.675,69.239
1371,Tue Sep 02 16:48:24 KST 2014,1790,128.784,41.459
1373,Tue Sep 02 16:48:24 KST 2014,1448,-90.36990774907754,42.60028228782292
1376,Tue Sep 02 16:48:24 KST 2014,1893,123.89,11.651
1377,Tue Sep 02 16:48:24 KST 2014,2739,-120.84816789667903,38.92816051660515
1379,Tue Sep 02 16:48:24 KST 2014,1954,100.665,18.511
1381,Tue Sep 02 16:48:24 KST 2014,1294,-78.31120479704802,35.22088191881913
1385,Tue Sep 02 16:48:24 KST 2014,1535,42.502,4.349
1388,Tue Sep 02 16:48:24 KST 2014,1305,35.863,47.655
1389,Tue Sep 02 16:48:24 KST 2014,2616,63.332,40.01
1397,Tue Sep 02 16:48:24 KST 2014,979,68.359,46.666
1398,Tue Sep 02 16:48:24 KST 2014,2111,58.285,36.509
1400,Tue Sep 02 16:48:24 KST 2014,1335,10.822861623616244,44.00372693726938
1401,Tue Sep 02 16:48:24 KST 2014,815,20.654,54.996
1420,Tue Sep 02 16:48:24 KST 2014,1202,126.72623431734313,44.08266974169741
1421,Tue Sep 02 16:48:24 KST 2014,2954,-52.755,-22.874
1425,Tue Sep 02 16:48:24 KST 2014,2529,-119.76879335793366,43.267073800737975
1427,Tue Sep 02 16:48:24 KST 2014,2015,75.163,45.038
1433,Tue Sep 02 16:48:24 KST 2014,2206,34.76,15.537
1437,Tue Sep 02 16:48:24 KST 2014,645,-120.47685793357945,52.28468819188189
1446,Tue Sep 02 16:48:24 KST 2014,2643,119.628,34.458
1450,Tue Sep 02 16:48:24 KST 2014,1431,-1.976,42.449
1454,Tue Sep 02 16:48:24 KST 2014,1865,-100.27746678966795,18.89973247232468
1455,Tue Sep 02 16:48:24 KST 2014,1967,-6.784,54.722
1456,Tue Sep 02 16:48:24 KST 2014,2456,74.549,33.083
1457,Tue Sep 02 16:48:24 KST 2014,272,-45.082,-21.704
1459,Tue Sep 02 16:48:24 KST 2014,2825,53.23,39.639
1464,Tue Sep 02 16:48:24 KST 2014,2797,-0.808514760147538,53.3813523985241
1467,Tue Sep 02 16:48:24 KST 2014,738,-107.94379335793366,31.499073800737975
1470,Tue Sep 02 16:48:24 KST 2014,2538,110.414,38.941
1473,Tue Sep 02 16:48:24 KST 2014,2148,-0.651,52.274
1474,Tue Sep 02 16:48:24 KST 2014,2961,59.637,47.564
1476,Tue Sep 02 16:48:24 KST 2014,1512,-3.473,34.258
1481,Tue Sep 02 16:48:24 KST 2014,2850,-9.219,11.194
1488,Tue Sep 02 16:48:24 KST 2014,1908,-44.034,-11.255
1489,Tue Sep 02 16:48:24 KST 2014,777,-2.303,35.29
1499,Tue Sep 02 16:48:24 KST 2014,1910,29.327,26.055
1502,Tue Sep 02 16:48:24 KST 2014,235,-121.30516789667904,36.55516051660516
1503,Tue Sep 02 16:48:24 KST 2014,2384,150.353,-31.848
1510,Tue Sep 02 16:48:24 KST 2014,2683,-121.6580129151293,38.6283468634686
1513,Tue Sep 02 16:48:24 KST 2014,2442,0.365,33.478
1520,Tue Sep 02 16:48:24 KST 2014,1197,3.91826568265682,43.78624354243543
1525,Tue Sep 02 16:48:24 KST 2014,859,-1.656,51.308
1526,Tue Sep 02 16:48:24 KST 2014,1231,-111.36379335793366,34.33607380073798
1530,Tue Sep 02 16:48:24 KST 2014,2732,138.37946909594098,36.202585332103325
1535,Tue Sep 02 16:48:24 KST 2014,2000,-117.56316789667903,43.30716051660516
1539,Tue Sep 02 16:48:24 KST 2014,2212,105.42,-4.176
1545,Tue Sep 02 16:48:24 KST 2014,2827,30.511,-30.134
1548,Tue Sep 02 16:48:24 KST 2014,1630,15.638714022140178,41.039177121771246
1551,Tue Sep 02 16:48:24 KST 2014,1828,15.771,52.743
1553,Tue Sep 02 16:48:24 KST 2014,1485,-80.49592435424361,37.7309944649446
1559,Tue Sep 02 16:48:24 KST 2014,731,35.361,4.918
1562,Tue Sep 02 16:48:24 KST 2014,640,14.80908856088557,42.181660516605206
1563,Tue Sep 02 16:48:24 KST 2014,1350,19.861,65.321
1564,Tue Sep 02 16:48:24 KST 2014,2128,-91.33290774907753,35.25828228782292
1567,Tue Sep 02 16:48:24 KST 2014,1233,9.760721402213981,46.207981549815514
1569,Tue Sep 02 16:48:24 KST 2014,464,29.116,24.703
1574,Tue Sep 02 16:48:24 KST 2014,2735,1.308385608856083,47.167228782287836
1577,Tue Sep 02 16:48:24 KST 2014,968,54.891,36.027
1581,Tue Sep 02 16:48:24 KST 2014,103,41.579,1.335
1583,Tue Sep 02 16:48:24 KST 2014,2304,-0.457,39.658
1587,Tue Sep 02 16:48:24 KST 2014,1964,111.678,2.669
1588,Tue Sep 02 16:48:24 KST 2014,1738,-49.707,-16.478
1592,Tue Sep 02 16:48:24 KST 2014,614,-109.49679335793365,41.22507380073798
1593,Tue Sep 02 16:48:24 KST 2014,2512,74.452,22.233
1599,Tue Sep 02 16:48:24 KST 2014,808,64.559,30.236
1603,Tue Sep 02 16:48:24 KST 2014,2604,65.788,35.686
1612,Tue Sep 02 16:48:24 KST 2014,1702,70.693,27.686
1620,Tue Sep 02 16:48:24 KST 2014,2711,6.412,60.187
1623,Tue Sep 02 16:48:24 KST 2014,471,120.881,52.734
1625,Tue Sep 02 16:48:24 KST 2014,2222,-110.78179335793365,30.459073800737976
1629,Tue Sep 02 16:48:24 KST 2014,176,-68.123,-13.695
1630,Tue Sep 02 16:48:24 KST 2014,2571,10.675,55.186
1633,Tue Sep 02 16:48:24 KST 2014,411,128.9887094095941,35.850218634686335
1647,Tue Sep 02 16:48:24 KST 2014,1059,-121.07679335793365,49.11307380073797
1655,Tue Sep 02 16:48:24 KST 2014,2602,-38.087,-7.673
1657,Tue Sep 02 16:48:24 KST 2014,851,38.433,-0.181
1660,Tue Sep 02 16:48:24 KST 2014,2583,28.903,22.582
1663,Tue Sep 02 16:48:24 KST 2014,512,-51.734,-26.068
1666,Tue Sep 02 16:48:24 KST 2014,1128,66.247,42.958
1667,Tue Sep 02 16:48:24 KST 2014,2596,146.377,-36.044
1670,Tue Sep 02 16:48:24 KST 2014,1407,-4.566018450184492,37.84826383763843
1675,Tue Sep 02 16:48:24 KST 2014,1845,120.678,22.942
1680,Tue Sep 02 16:48:24 KST 2014,2050,-48.719,-15.194
1684,Tue Sep 02 16:48:24 KST 2014,791,-115.86079335793366,41.447073800737975
1690,Tue Sep 02 16:48:24 KST 2014,463,-3.205400369003677,51.92038191881919
1696,Tue Sep 02 16:48:24 KST 2014,326,83.621,25.416
1697,Tue Sep 02 16:48:24 KST 2014,1529,61.318,34.725
1701,Tue Sep 02 16:48:24 KST 2014,389,-39.56,-12.059
1705,Tue Sep 02 16:48:24 KST 2014,52,116.647,3.237
1708,Tue Sep 02 16:48:24 KST 2014,2148,127.99980350553506,35.485552583025836
1715,Tue Sep 02 16:48:24 KST 2014,219,127.53689483394831,37.23314944649446
1716,Tue Sep 02 16:48:24 KST 2014,1979,168.927,-46.58
1724,Tue Sep 02 16:48:24 KST 2014,1739,-84.43918450184515,31.975743542435374
1726,Tue Sep 02 16:48:24 KST 2014,1858,-11.98,10.378
1728,Tue Sep 02 16:48:24 KST 2014,541,-112.94179335793366,36.80007380073798
1733,Tue Sep 02 16:48:24 KST 2014,1906,81.5,42.711
1739,Tue Sep 02 16:48:24 KST 2014,1751,41.644,10.411
1740,Tue Sep 02 16:48:24 KST 2014,1793,-81.59543173431736,47.135249077490826
1745,Tue Sep 02 16:48:24 KST 2014,2746,-12.298,17.695
1754,Tue Sep 02 16:48:24 KST 2014,1602,130.841,33.248756457564575
1756,Tue Sep 02 16:48:24 KST 2014,2491,125.938,8.432
1762,Tue Sep 02 16:48:24 KST 2014,1165,36.495,-16.466
1773,Tue Sep 02 16:48:24 KST 2014,2081,119.689,34.12
1774,Tue Sep 02 16:48:24 KST 2014,1297,-68.783,-40.805
1780,Tue Sep 02 16:48:24 KST 2014,200,11.998029520295201,43.2076771217712
1788,Tue Sep 02 16:48:24 KST 2014,902,73.558,19.03
1790,Tue Sep 02 16:48:24 KST 2014,137,-66.629,-19.611
1791,Tue Sep 02 16:48:24 KST 2014,558,-3.863905904059022,39.165987084870906
1799,Tue Sep 02 16:48:24 KST 2014,2187,101.179,22.624
1807,Tue Sep 02 16:48:24 KST 2014,2173,57.933,48.031
1810,Tue Sep 02 16:48:24 KST 2014,2839,75.044,38.814
1811,Tue Sep 02 16:48:24 KST 2014,2338,-49.614,-27.532
1818,Tue Sep 02 16:48:24 KST 2014,1363,24.887,27.719
1821,Tue Sep 02 16:48:24 KST 2014,2998,-57.523,-24.035
1825,Tue Sep 02 16:48:24 KST 2014,1354,26.141,-33.22
1828,Tue Sep 02 16:48:24 KST 2014,1035,-54.337,-27.801
1829,Tue Sep 02 16:48:24 KST 2014,208,57.08,54.002
1836,Tue Sep 02 16:48:24 KST 2014,2827,38.974,8.271
1847,Tue Sep 02 16:48:24 KST 2014,1457,99.568,16.817
1849,Tue Sep 02 16:48:24 KST 2014,1164,107.088,19.057
1857,Tue Sep 02 16:48:24 KST 2014,2690,48.696,34.353
1860,Tue Sep 02 16:48:24 KST 2014,297,119.596,48.093
1869,Tue Sep 02 16:48:24 KST 2014,291,28.84,25.913
1872,Tue Sep 02 16:48:24 KST 2014,1246,-1.653,33.945
1882,Tue Sep 02 16:48:24 KST 2014,1938,107.555,27.659
1888,Tue Sep 02 16:48:24 KST 2014,857,48.277498154981544,15.692865313653144
1892,Tue Sep 02 16:48:24 KST 2014,1283,-11.00684686346865,10.124974169741707
1898,Tue Sep 02 16:48:24 KST 2014,129,1.587,48.209
1899,Tue Sep 02 16:48:24 KST 2014,1872,127.60620756457564,36.72114944649446
1903,Tue Sep 02 16:48:24 KST 2014,807,158.067,-9.527
1904,Tue Sep 02 16:48:24 KST 2014,1464,-54.888,-16.084
1908,Tue Sep 02 16:48:24 KST 2014,2032,42.204,35.122
1911,Tue Sep 02 16:48:24 KST 2014,1086,51.858,35.435
1913,Tue Sep 02 16:48:24 KST 2014,872,10.989,51.715
1916,Tue Sep 02 16:48:24 KST 2014,2744,13.426607011070118,42.45761439114392
1919,Tue Sep 02 16:48:24 KST 2014,1207,33.946,46.562
1925,Tue Sep 02 16:48:24 KST 2014,58,106.271,17.929
1926,Tue Sep 02 16:48:24 KST 2014,511,-84.56290774907754,34.35928228782292
1932,Tue Sep 02 16:48:24 KST 2014,896,76.042,43.79
1934,Tue Sep 02 16:48:24 KST 2014,1987,10.532261992619926,49.7200387453875
1938,Tue Sep 02 16:48:24 KST 2014,1995,59.464,36.133
1941,Tue Sep 02 16:48:24 KST 2014,569,119.52,27.911
1945,Tue Sep 02 16:48:24 KST 2014,1615,-88.73490774907754,35.19628228782292
1953,Tue Sep 02 16:48:24 KST 2014,44,-116.59579335793366,41.73507380073798
1954,Tue Sep 02 16:48:24 KST 2014,1497,20.451,29.35
1958,Tue Sep 02 16:48:24 KST 2014,904,-96.30779335793366,44.36507380073798
1960,Tue Sep 02 16:48:24 KST 2014,1758,-54.231,-29.836
1966,Tue Sep 02 16:48:24 KST 2014,795,24.514,53.479
1967,Tue Sep 02 16:48:24 KST 2014,1422,36.071,61.311
1968,Tue Sep 02 16:48:24 KST 2014,2553,12.454370848708484,42.209352398524
1987,Tue Sep 02 16:48:24 KST 2014,1215,111.359,29.028
1989,Tue Sep 02 16:48:24 KST 2014,1798,121.973,50.39
1998,Tue Sep 02 16:48:24 KST 2014,1861,-68.327,-20.997
2006,Tue Sep 02 16:48:24 KST 2014,1429,-99.79979335793365,44.86507380073798
2007,Tue Sep 02 16:48:24 KST 2014,2007,118.958,33.709
2009,Tue Sep 02 16:48:24 KST 2014,1938,31.181,30.364
2012,Tue Sep 02 16:48:24 KST 2014,508,29.318,17.379
2015,Tue Sep 02 16:48:24 KST 2014,1009,-117.46025276752782,35.37022693726934
2017,Tue Sep 02 16:48:24 KST 2014,823,36.144,51.505
2018,Tue Sep 02 16:48:24 KST 2014,2787,119.877,49.521
2027,Tue Sep 02 16:48:24 KST 2014,703,142.8123680811808,43.34804797047969
2030,Tue Sep 02 16:48:24 KST 2014,1150,88.803,22.453
2032,Tue Sep 02 16:48:24 KST 2014,1675,-95.59879335793366,42.34407380073798
2033,Tue Sep 02 16:48:24 KST 2014,459,-61.514,-15.051
2038,Tue Sep 02 16:48:24 KST 2014,2040,56.736,53.272
2040,Tue Sep 02 16:48:24 KST 2014,825,45.94911623616237,16.0609760147601
2042,Tue Sep 02 16:48:24 KST 2014,86,122.366,40.604
2045,Tue Sep 02 16:48:24 KST 2014,1874,13.637003690036893,42.77385055350555
2047,Tue Sep 02 16:48:24 KST 2014,1630,-16.234,20.112
2065,Tue Sep 02 16:48:24 KST 2014,2218,-102.88795387453881,20.712477859778552
2066,Tue Sep 02 16:48:24 KST 2014,2222,50.027,50.082
2068,Tue Sep 02 16:48:24 KST 2014,233,-89.45390774907753,39.29828228782292
2073,Tue Sep 02 16:48:24 KST 2014,494,123.347,12.879
2075,Tue Sep 02 16:48:24 KST 2014,1573,13.921,60.751
2080,Tue Sep 02 16:48:24 KST 2014,2290,-6.472,38.665
2081,Tue Sep 02 16:48:24 KST 2014,206,91.208,25.403
2090,Tue Sep 02 16:48:24 KST 2014,423,127.17425092250922,37.304763837638376
2095,Tue Sep 02 16:48:24 KST 2014,1640,-2.804,53.642
2096,Tue Sep 02 16:48:24 KST 2014,54,160.623,-9.199
2098,Tue Sep 02 16:48:24 KST 2014,134,129.17894557195572,35.92869833948339
2099,Tue Sep 02 16:48:24 KST 2014,1812,-45.189,-14.619
2105,Tue Sep 02 16:48:24 KST 2014,1011,-39.49,-9.653
2106,Tue Sep 02 16:48:24 KST 2014,2092,29.025669741697392,52.82482841328416
2108,Tue Sep 02 16:48:24 KST 2014,2008,70.324,28.806
2109,Tue Sep 02 16:48:24 KST 2014,2613,118.791,50.655
2110,Tue Sep 02 16:48:24 KST 2014,1462,-2.121,52.259
2115,Tue Sep 02 16:48:24 KST 2014,47,16.108,25.559
